{"train/loss": 3.4196, "train/learning_rate": 0.0, "train/epoch": 10.0, "train/global_step": 22500, "_timestamp": 1703511964.8370996, "_runtime": 7859.265713453293, "_step": 55, "eval/loss": 3.571683168411255, "eval/runtime": 28.1164, "eval/samples_per_second": 35.566, "eval/steps_per_second": 8.892, "train/train_runtime": 7860.9846, "train/train_samples_per_second": 11.446, "train/train_steps_per_second": 2.862, "train/total_flos": 4.702211407872e+16, "train/train_loss": 3.6378854817708333, "_wandb": {"runtime": 7860}}