{"train/loss": 3.2117, "train/learning_rate": 0.0, "train/epoch": 10.0, "train/global_step": 22500, "_timestamp": 1703522497.8614032, "_runtime": 7601.097244262695, "_step": 55, "eval/loss": 3.559028148651123, "eval/runtime": 28.0997, "eval/samples_per_second": 35.588, "eval/steps_per_second": 8.897, "train/train_runtime": 7602.5858, "train/train_samples_per_second": 11.835, "train/train_steps_per_second": 2.96, "train/total_flos": 4.702211407872e+16, "train/train_loss": 3.597107796223958, "_wandb": {"runtime": 7602}}