{"train/loss": 1.5957, "train/learning_rate": 6.903353057199211e-07, "train/epoch": 20.0, "train/global_step": 12140, "_timestamp": 1703428572.8902087, "_runtime": 4206.808696746826, "_step": 44, "eval/loss": 2.5501997470855713, "eval/runtime": 7.5774, "eval/samples_per_second": 35.632, "eval/steps_per_second": 8.974, "train/train_runtime": 4208.2906, "train/train_samples_per_second": 11.53, "train/train_steps_per_second": 2.885, "train/total_flos": 2.535577878528e+16, "train/train_loss": 2.0654151187500807, "_wandb": {"runtime": 4207}}