{"train/loss": 3.2267, "train/learning_rate": 0.0, "train/epoch": 10.0, "train/global_step": 22500, "_timestamp": 1703617127.4679801, "_runtime": 7527.885635137558, "_step": 55, "eval/loss": 3.6309731006622314, "eval/runtime": 27.5753, "eval/samples_per_second": 36.264, "eval/steps_per_second": 9.066, "train/train_runtime": 7529.1596, "train/train_samples_per_second": 11.951, "train/train_steps_per_second": 2.988, "train/total_flos": 4.702211407872e+16, "train/train_loss": 3.659562033420139, "_wandb": {"runtime": 7528}}