{"train/loss": 3.2228, "train/learning_rate": 0.0, "train/epoch": 10.0, "train/global_step": 22500, "_timestamp": 1703580930.0977628, "_runtime": 7550.594164848328, "_step": 55, "eval/loss": 3.667224168777466, "eval/runtime": 27.4806, "eval/samples_per_second": 36.389, "eval/steps_per_second": 9.097, "train/train_runtime": 7552.069, "train/train_samples_per_second": 11.915, "train/train_steps_per_second": 2.979, "train/total_flos": 4.702211407872e+16, "train/train_loss": 3.6523940809461806, "_wandb": {"runtime": 7551}}