{"train/loss": 1.5589, "train/learning_rate": 6.903353057199211e-07, "train/epoch": 20.0, "train/global_step": 12140, "_timestamp": 1703659108.2844515, "_runtime": 4168.589421510696, "_step": 44, "eval/loss": 2.6967391967773438, "eval/runtime": 7.4777, "eval/samples_per_second": 36.107, "eval/steps_per_second": 9.094, "train/train_runtime": 4170.6798, "train/train_samples_per_second": 11.634, "train/train_steps_per_second": 2.911, "train/total_flos": 2.535577878528e+16, "train/train_loss": 2.0239915222469627, "_wandb": {"runtime": 4169}}