{"train/loss": 1.0836, "train/learning_rate": 0.0, "train/epoch": 20.0, "train/global_step": 45000, "_timestamp": 1703492619.8278706, "_runtime": 15233.141496658325, "_step": 110, "eval/loss": 5.158015251159668, "eval/runtime": 29.8569, "eval/samples_per_second": 33.493, "eval/steps_per_second": 8.373, "train/train_runtime": 15235.934, "train/train_samples_per_second": 11.812, "train/train_steps_per_second": 2.954, "train/total_flos": 9.404422815744e+16, "train/train_loss": 1.9787029663085938, "_wandb": {"runtime": 15234}}