{"train/loss": 3.2321, "train/learning_rate": 0.0, "train/epoch": 10.0, "train/global_step": 22500, "_timestamp": 1703625679.6600406, "_runtime": 7500.7195925712585, "_step": 55, "eval/loss": 3.5982770919799805, "eval/runtime": 27.3466, "eval/samples_per_second": 36.568, "eval/steps_per_second": 9.142, "train/train_runtime": 7502.1974, "train/train_samples_per_second": 11.994, "train/train_steps_per_second": 2.999, "train/total_flos": 4.702211407872e+16, "train/train_loss": 3.5936467122395834, "_wandb": {"runtime": 7501}}