{"train/loss": 3.2351, "train/learning_rate": 0.0, "train/epoch": 10.0, "train/global_step": 22500, "_timestamp": 1703531776.9720201, "_runtime": 7626.68266916275, "_step": 55, "eval/loss": 3.595580577850342, "eval/runtime": 27.8319, "eval/samples_per_second": 35.93, "eval/steps_per_second": 8.982, "train/train_runtime": 7628.5681, "train/train_samples_per_second": 11.795, "train/train_steps_per_second": 2.949, "train/total_flos": 4.702211407872e+16, "train/train_loss": 3.593556494140625, "_wandb": {"runtime": 7627}}