{"train/loss": 1.0891, "train/learning_rate": 0.0, "train/epoch": 20.0, "train/global_step": 45000, "_timestamp": 1703443851.2584586, "_runtime": 15118.711877584457, "_step": 110, "eval/loss": 5.168237209320068, "eval/runtime": 27.864, "eval/samples_per_second": 35.889, "eval/steps_per_second": 8.972, "train/train_runtime": 15120.1951, "train/train_samples_per_second": 11.902, "train/train_steps_per_second": 2.976, "train/total_flos": 9.404422815744e+16, "train/train_loss": 1.9945070502387152, "_wandb": {"runtime": 15119}}