{"train/loss": 1.587, "train/learning_rate": 6.903353057199211e-07, "train/epoch": 20.0, "train/global_step": 12140, "_timestamp": 1703654558.111983, "_runtime": 4177.5314610004425, "_step": 44, "eval/loss": 2.625351667404175, "eval/runtime": 7.4921, "eval/samples_per_second": 36.038, "eval/steps_per_second": 9.076, "train/train_runtime": 4179.022, "train/train_samples_per_second": 11.61, "train/train_steps_per_second": 2.905, "train/total_flos": 2.535577878528e+16, "train/train_loss": 2.0323303737986027, "_wandb": {"runtime": 4178}}